{"hb_missing_auto_enter": 1777642005.516685, "hb_missing_rotate_smart": 1777642005.6394448, "hb_missing_topup": 1777642005.7681243, "hb_missing_compound": 1777642005.897857, "hb_stale_funding_log": 1777750802.5344944, "zombies": 1777662008.4195774, "hb_stale_auto_enter": 1777750802.3038244, "hb_stale_rotate_smart": 1777752005.6073534, "hb_stale_rebalance": 1777752006.188655, "hb_stale_sync": 1777752006.0797408}